<?xml version="1.0" encoding="UTF-8"?>
<!DOCTYPE mapper PUBLIC "-//mybatis.org//DTD Mapper 3.0//EN" "http://mybatis.org/dtd/mybatis-3-mapper.dtd">
<mapper namespace="com.zc.mapper.FaceInfoMapper">

    <!-- 通用查询映射结果 -->
    <resultMap id="BaseResultMap" type="com.zc.entity.FaceInfo">
        <result column="x" property="x" />
        <result column="y" property="y" />
        <result column="w" property="w" />
        <result column="h" property="h" />
        <result column="image" property="image" />
    </resultMap>

    <!-- 通用查询结果列 -->
    <sql id="Base_Column_List">
        x, y, w, h, image
    </sql>

</mapper>
