<?xml version="1.0" encoding="UTF-8"?>
<!DOCTYPE mapper PUBLIC "-//mybatis.org//DTD Mapper 3.0//EN" "http://mybatis.org/dtd/mybatis-3-mapper.dtd">
<mapper namespace="com.zc.mapper.SitMapper">

    <!-- 通用查询映射结果 -->
    <resultMap id="BaseResultMap" type="com.zc.entity.Sit">
        <id column="id" property="id" />
        <result column="stuId" property="stuid" />
        <result column="isfocus" property="isfocus" />
        <result column="x" property="x" />
        <result column="y" property="y" />
        <result column="w" property="w" />
        <result column="h" property="h" />
        <result column="img" property="img" />
        <result column="updateTime" property="updatetime" />
        <result column="start" property="start" />
    </resultMap>

    <!-- 通用查询结果列 -->
    <sql id="Base_Column_List">
        id, stuId, isfocus, x, y, w, h, img, updateTime, start
    </sql>

</mapper>
