<?xml version="1.0" encoding="UTF-8"?>
<!DOCTYPE mapper PUBLIC "-//mybatis.org//DTD Mapper 3.0//EN" "http://mybatis.org/dtd/mybatis-3-mapper.dtd">
<mapper namespace="com.zc.mapper.AttendanceMapper">

    <!-- 通用查询映射结果 -->
    <resultMap id="BaseResultMap" type="com.zc.entity.Attendance">
        <id column="id" property="id" />
        <result column="no" property="no" />
        <result column="name" property="name" />
        <result column="sex" property="sex" />
        <result column="msg" property="msg" />
        <result column="time" property="time" />
    </resultMap>

    <!-- 通用查询结果列 -->
    <sql id="Base_Column_List">
        id, no, name, sex, msg, time
    </sql>

</mapper>
