<?xml version="1.0" encoding="UTF-8"?>
<!DOCTYPE mapper PUBLIC "-//mybatis.org//DTD Mapper 3.0//EN" "http://mybatis.org/dtd/mybatis-3-mapper.dtd">
<mapper namespace="com.zc.mapper.PaymentMapper">

    <!-- 通用查询映射结果 -->
    <resultMap id="BaseResultMap" type="com.zc.entity.Payment">
        <id column="id" property="id" />
        <result column="sid" property="sid" />
        <result column="sname" property="sname" />
        <result column="domitory" property="domitory" />
        <result column="num" property="num" />
        <result column="startTime" property="starttime" />
        <result column="endTime" property="endtime" />
        <result column="fees" property="fees" />
    </resultMap>

    <!-- 通用查询结果列 -->
    <sql id="Base_Column_List">
        id, sid, sname, domitory, num, startTime, endTime, fees
    </sql>

</mapper>
