<?xml version="1.0" encoding="UTF-8"?>
<!DOCTYPE mapper PUBLIC "-//mybatis.org//DTD Mapper 3.0//EN" "http://mybatis.org/dtd/mybatis-3-mapper.dtd">
<mapper namespace="com.zc.mapper.RepairMapper">

    <!-- 通用查询映射结果 -->
    <resultMap id="BaseResultMap" type="com.zc.entity.Repair">
        <id column="id" property="id" />
        <result column="sid" property="sid" />
        <result column="sname" property="sname" />
        <result column="description" property="description" />
        <result column="time" property="time" />
    </resultMap>

    <!-- 通用查询结果列 -->
    <sql id="Base_Column_List">
        id, sid, sname, description, time
    </sql>

</mapper>
